City_ID,City,Lat,Lng,Max Temp,Humidity,Cloudiness,Wind Speed,Country,Date
0,waitangi,-43.9535,-176.5597,10.46,93,79,0.45,NZ,1728845959
1,vadso,70.0744,29.7487,7.09,81,75,11.83,NO,1728845960
2,port antonio,18.18,-76.4612,31.37,55,9,5.79,JM,1728845961
3,port elizabeth,-33.918,25.5701,17.16,98,75,7.2,ZA,1728845686
4,weno,7.4515,151.8468,27.74,79,100,3.14,FM,1728845963
5,port-aux-francais,-49.35,70.2167,4.04,93,95,9.83,TF,1728845965
6,atafu village,-8.5421,-172.5159,27.85,74,95,5.06,TK,1728845967
7,anadyr,64.75,177.4833,-14.72,85,0,4.0,RU,1728845968
8,debre werk',10.6667,38.1667,12.62,88,94,1.5,ET,1728845970
9,albany,42.6001,-73.9662,8.68,77,92,0.45,US,1728845971
10,guiuan,11.0333,125.7247,29.03,71,100,2.69,PH,1728845972
11,uturoa,-16.7333,-151.4333,24.83,72,18,7.25,PF,1728845973
12,longyearbyen,78.2186,15.6401,2.91,70,75,10.29,SJ,1728845974
13,iskateley,67.6803,53.1512,0.82,94,25,5.4,RU,1728845975
14,lamu,-2.2717,40.902,25.23,84,91,4.71,KE,1728845976
15,ramnagar,29.4,79.1167,20.61,72,7,2.03,IN,1728845978
16,tiksi,71.6872,128.8694,-10.83,89,100,4.02,RU,1728845951
17,ushuaia,-54.8,-68.3,10.81,62,40,4.63,AR,1728845980
18,newman,37.3138,-121.0208,24.47,60,0,2.68,US,1728845981
19,jamestown,42.097,-79.2353,11.68,100,100,2.57,US,1728845982
20,papatowai,-46.5619,169.4708,3.78,82,20,2.0,NZ,1728845983
21,west island,-12.1568,96.8225,26.99,83,20,7.2,CC,1728845984
22,hawaiian paradise park,19.5933,-154.9731,26.6,77,51,0.89,US,1728845985
23,al mindak,20.1588,41.2834,20.18,64,76,1.63,SA,1728845986
24,egilsstadir,65.2653,-14.3948,-2.05,69,75,4.12,IS,1728845987
25,maqat,47.65,53.3167,2.34,34,0,4.78,KZ,1728845988
26,el alto,-4.2714,-81.2147,20.75,72,35,8.74,PE,1728845990
27,cestos city,5.46,-9.5828,24.09,90,100,2.86,LR,1728845991
28,adamstown,-25.066,-130.1015,21.07,81,100,6.44,PN,1728845992
29,talnakh,69.4865,88.3972,-3.86,97,100,3.7,RU,1728845993
30,leteri,24.05,77.4,24.15,79,8,2.5,IN,1728845994
31,san antonio de pale,-1.4014,5.6325,25.88,82,100,5.05,GQ,1728845995
32,zarate,-34.0981,-59.0286,15.18,99,100,2.06,AR,1728845997
33,puerto natales,-51.7236,-72.4875,14.25,44,40,15.43,CL,1728845998
34,murghob,38.1702,73.9667,1.07,38,5,3.48,TJ,1728845999
35,tabalah,19.95,42.4,30.58,30,100,3.13,SA,1728846000
36,lebu,-37.6167,-73.65,13.06,69,72,6.0,CL,1728846003
37,gorom-gorom,14.4439,-0.2361,35.79,21,98,4.45,BF,1728846004
38,petrov val,50.1434,45.2096,1.31,54,0,6.01,RU,1728846005
39,bethel,41.3712,-73.414,18.36,68,100,3.6,US,1728845882
40,zarah sharan,33.1467,68.7917,14.21,28,0,3.05,AF,1728846007
41,bredasdorp,-34.5322,20.0403,15.42,78,100,4.01,ZA,1728846009
42,badger,64.8,-147.5333,1.66,94,100,2.06,US,1728846010
43,dhidhdhoo,6.8833,73.1,27.82,79,100,6.57,MV,1728846011
44,aasiaat,68.7098,-52.8699,-1.83,75,24,2.87,GL,1728846013
45,kailua-kona,19.6406,-155.9956,27.93,76,9,0.29,US,1728846015
46,sao felix do xingu,-6.6447,-51.995,36.34,29,100,1.23,BR,1728846016
47,merizo village,13.2658,144.6691,27.31,90,100,3.13,GU,1728846017
48,tabou,4.423,-7.3528,23.65,93,100,1.81,CI,1728846018
49,san rafael del yuma,18.4299,-68.6739,33.11,52,59,4.29,DO,1728846019
50,minas de marcona,-15.2119,-75.1103,20.28,51,5,7.65,PE,1728846020
51,lazaro cardenas,17.9583,-102.2,29.54,66,46,3.06,MX,1728846021
52,jagodina,43.9814,21.2622,14.28,56,100,0.55,RS,1728846022
53,edinburgh of the seven seas,-37.0676,-12.3116,13.56,81,100,9.79,SH,1728846023
54,wailua homesteads,22.0669,-159.378,25.07,88,40,0.89,US,1728846024
55,bruchhausen-vilsen,52.8333,9.0,8.91,76,100,5.93,DE,1728846026
56,morondava,-20.2833,44.2833,25.52,71,100,3.9,MG,1728846027
57,yuzhno-kurilsk,44.0306,145.8556,9.7,59,1,3.99,RU,1728846028
58,nova vicosa,-17.8919,-39.3719,25.83,80,44,5.98,BR,1728846029
59,puerto ayora,-0.7393,-90.3518,21.42,92,82,3.13,EC,1728846030
60,trairi,-3.2778,-39.2689,29.4,53,10,6.52,BR,1728846012
61,galveston,29.3669,-94.9669,33.35,63,0,5.65,US,1728846034
62,balnearia,-31.0088,-62.6673,29.32,36,67,3.39,AR,1728846035
63,invercargill,-46.4,168.35,2.79,95,100,0.45,NZ,1728846036
64,enewetak,11.3474,162.3373,28.22,74,93,5.62,MH,1728846037
65,yellowknife,62.456,-114.3525,9.12,80,75,10.8,CA,1728845984
66,hadibu,12.65,54.0333,27.17,66,100,1.44,YE,1728846039
67,margaret river,-33.95,115.0667,14.31,88,20,2.61,AU,1728846040
68,corn island,12.1694,-83.0418,27.76,73,100,7.24,NI,1728846041
69,tolanaro,-25.0319,46.9987,23.04,78,20,7.2,MG,1728846042
70,wad az zaki,14.4619,32.2065,34.94,28,24,2.21,SD,1728846043
71,saint-philippe,-21.3585,55.7679,21.22,75,72,5.8,RE,1728846044
72,wabag,-5.4781,143.7021,13.56,99,100,0.27,PG,1728846046
73,dunedin,-45.8742,170.5036,7.11,69,3,1.34,NZ,1728846047
74,thinadhoo,0.5333,72.9333,27.95,75,100,5.17,MV,1728846048
75,port augusta,-32.5,137.7667,16.78,68,85,1.01,AU,1728846049
76,villa gesell,-37.2639,-56.973,17.31,71,27,7.91,AR,1728846050
77,princeville,45.7668,-61.2985,11.41,71,100,6.69,CA,1728846051
78,monroe,43.1501,-77.6831,9.01,94,100,3.6,US,1728845939
79,grytviken,-54.2811,-36.5092,-0.28,76,22,4.77,GS,1728846053
80,carnarvon,-24.8667,113.6333,18.46,75,0,6.62,AU,1728846054
81,burang,30.25,81.1667,1.67,45,0,1.85,CN,1728846057
82,georgetown,5.4112,100.3354,25.96,87,40,2.24,MY,1728846058
83,rongelap,11.1635,166.8941,28.17,76,69,5.42,MH,1728846059
84,brookings,44.3114,-96.7984,12.47,51,40,9.77,US,1728846061
85,punta arenas,-53.15,-70.9167,13.06,50,75,10.29,CL,1728845876
86,kruisfontein,-34.0033,24.7314,16.34,90,100,6.28,ZA,1728846063
87,keflavik,64.0049,-22.5624,1.24,55,0,2.57,IS,1728846064
88,gadzhiyevo,69.2551,33.3362,3.93,65,100,8.47,RU,1728846065
89,erenhot,43.6475,111.9767,14.58,56,0,9.26,CN,1728846067
90,inyati,-19.6756,28.8469,24.1,25,4,6.39,ZW,1728846068
91,i-n-salah,27.1935,2.4607,34.74,12,0,2.64,DZ,1728846069
92,labrador city,52.9463,-66.9114,5.1,74,100,30.85,CA,1728846070
93,namibe,-15.1961,12.1522,20.97,86,100,2.97,AO,1728846071
94,avarua,-21.2078,-159.775,24.03,78,40,7.2,CK,1728846072
95,qaqortoq,60.7167,-46.0333,5.09,58,24,4.48,GL,1728846073
96,vilyuchinsk,52.9306,158.4028,5.15,96,100,3.88,RU,1728846074
97,roma,43.2128,-75.4557,7.08,97,100,3.09,US,1728845942
98,selfoss,63.9331,-20.9971,0.02,45,51,4.8,IS,1728846076
99,lihue,21.9789,-159.3672,25.97,87,40,4.24,US,1728846077
100,kourou,5.1552,-52.6478,30.57,55,14,4.83,GF,1728846078
101,blackmans bay,-43.0167,147.3167,6.52,83,55,0.45,AU,1728846080
102,mugia,43.1041,-9.2179,19.39,84,100,2.58,ES,1728846082
103,fale old settlement,-9.3852,-171.2468,27.89,77,67,5.81,TK,1728846084
104,rawai,7.7797,98.3253,27.66,75,100,1.53,TH,1728846086
105,iqaluit,63.7506,-68.5145,1.85,74,75,8.23,CA,1728846087
106,dakhla,23.6848,-15.958,23.01,88,30,4.63,EH,1728846088
107,mananjary,-21.2167,48.3333,20.14,76,71,1.39,MG,1728846090
108,tarakan,3.3,117.6333,27.63,75,68,2.09,ID,1728846092
109,wad rawah,15.1603,33.1397,33.96,28,78,1.38,SD,1728846094
110,fortuna,40.5982,-124.1573,20.52,83,0,3.6,US,1728846097
111,isafjordur,66.0755,-23.124,-0.98,69,0,1.03,IS,1728846099
112,kisangani,0.5167,25.2,23.1,86,25,0.82,CD,1728846100
113,hotan,37.0997,79.9269,18.49,17,21,1.7,CN,1728846102
114,lorengau,-2.0226,147.2712,27.78,75,75,4.04,PG,1728846077
115,ambalangoda,6.2355,80.0538,27.77,85,100,3.1,LK,1728846104
116,marquette,46.5333,-87.6335,7.24,94,100,0.89,US,1728846105
117,floro,61.5996,5.0328,5.98,81,75,8.23,NO,1728846106
118,kamina,-8.7386,24.9906,21.32,65,98,1.98,CD,1728846108
119,hamilton,39.1834,-84.5333,26.54,50,0,5.81,US,1728846110
120,soligalich,59.0778,42.2864,3.5,63,100,4.51,RU,1728846111
121,grajau,-5.8194,-46.1386,38.43,19,100,3.24,BR,1728846097
122,charters towers,-20.1,146.2667,17.9,92,100,3.74,AU,1728846113
123,kodiak,57.79,-152.4072,7.73,87,100,6.17,US,1728846055
124,whitehorse,60.7161,-135.0538,4.89,80,75,8.75,CA,1728846115
125,moroni,-11.7022,43.2551,25.75,83,5,0.97,KM,1728846117
126,bilibino,68.0546,166.4372,-10.82,87,100,0.75,RU,1728846118
127,zouerate,22.7187,-12.4521,31.16,31,56,2.32,MR,1728846120
128,lugoba,-6.45,38.3333,22.78,84,19,2.0,TZ,1728846121
129,stanley,54.868,-1.6985,5.85,80,0,1.03,GB,1728845898
130,olonkinbyen,70.9221,-8.7187,-1.49,91,100,8.56,SJ,1728846123
131,campos do jordao,-22.7394,-45.5914,22.47,43,71,2.99,BR,1728846124
132,boa viagem,-5.1275,-39.7322,32.48,35,11,4.39,BR,1728846125
133,maieru,47.4,24.75,9.57,78,100,1.35,RO,1728846126
134,sitka,57.0531,-135.33,10.62,76,100,2.68,US,1728846127
135,ormara,25.2088,64.6357,27.53,71,100,1.96,PK,1728846128
136,port saint john's,-31.6229,29.5448,20.15,92,18,1.35,ZA,1728846129
137,krasnoufimsk,56.6059,57.7669,0.08,55,23,0.45,RU,1728846130
138,alice springs,-23.7,133.8833,28.52,36,75,4.12,AU,1728846132
139,virginia,37.5481,-77.4467,27.18,50,20,6.69,US,1728846006
140,ilhabela,-23.7781,-45.3581,22.22,82,96,2.88,BR,1728846076
141,afaahiti,-17.75,-149.2833,22.84,77,26,6.84,PF,1728846135
142,pacific grove,36.6177,-121.9166,21.82,91,100,2.57,US,1728846136
143,haiku-pauwela,20.9219,-156.3051,26.81,70,9,11.62,US,1728846137
144,klyuchi,52.2667,79.1667,-4.48,69,8,2.19,RU,1728846138
145,gombi,10.1614,12.7399,22.06,87,100,0.77,NG,1728846140
146,udachny,66.4167,112.4,-21.35,100,84,2.35,RU,1728846092
147,hasaki,35.7333,140.8333,21.68,59,0,6.15,JP,1728846142
148,daru,-9.0763,143.2092,25.27,85,99,5.98,PG,1728846041
149,pingliang,35.5392,106.6861,12.78,79,0,1.79,CN,1728846144
150,petropavlovsk-kamchatsky,53.0452,158.6483,4.33,81,100,5.0,RU,1728846145
151,rio grande,-32.035,-52.0986,19.08,73,45,8.49,BR,1728845945
152,esbjerg,55.4667,8.45,10.05,91,75,9.77,DK,1728846147
153,sandnessjoen,66.0217,12.6316,9.06,61,75,4.12,NO,1728846148
154,ilulissat,69.2167,-51.1,0.01,74,100,5.66,GL,1728846149
155,chabahar,25.2919,60.643,27.38,71,100,0.72,IR,1728846150
156,alofi,-19.0595,-169.9187,22.94,100,75,2.06,NU,1728846151
157,lompoc,34.6391,-120.4579,24.83,60,0,4.78,US,1728846153
158,hithadhoo,-0.6,73.0833,28.19,75,100,4.69,MV,1728846154
159,thompson,55.7435,-97.8558,1.09,69,75,3.09,CA,1728846155
160,cabo san lucas,22.8909,-109.9124,30.04,59,0,2.5,MX,1728846156
161,grande prairie,55.1667,-118.8027,11.1,54,75,0.0,CA,1728846008
162,flying fish cove,-10.4217,105.6791,25.82,94,100,4.12,CX,1728846158
163,kem',64.9555,34.5793,4.65,92,98,3.23,RU,1728846160
164,kenai,60.5544,-151.2583,6.19,86,99,6.87,US,1728846161
165,port mathurin,-19.6833,63.4167,22.4,73,27,10.27,MU,1728846162
166,katsuura,35.1333,140.3,19.97,70,0,6.37,JP,1728846163
167,znamenskoye,57.1281,73.8282,-2.07,70,90,2.08,RU,1728846165
168,cromwell,41.5951,-72.6454,17.58,67,45,2.98,US,1728846033
169,turpan,42.9333,89.1667,19.31,34,2,4.03,CN,1728846167
170,myrzakent,40.6667,68.5333,13.31,80,94,3.07,KZ,1728846168
171,shakawe,-18.3667,21.85,20.15,61,98,2.57,BW,1728846133
172,fuling,29.7022,107.3919,18.78,88,78,0.43,CN,1728845880
173,ribeira grande,38.5167,-28.7,24.22,88,40,5.66,PT,1728846173
174,ghanzi,-21.5667,21.7833,25.83,19,100,5.34,BW,1728846174
175,aykol,38.1751,77.2132,18.1,24,0,1.85,CN,1728846175
176,port lincoln,-34.7333,135.8667,14.86,89,0,6.44,AU,1728846176
177,villa emilio carranza,19.9667,-96.6,27.53,64,7,4.4,MX,1728846178
178,tazovsky,67.4667,78.7,1.11,87,38,11.19,RU,1728846179
179,college,64.8569,-147.8028,1.71,94,100,2.06,US,1728846180
180,saipan,15.1355,145.701,28.01,74,100,2.35,MP,1728846181
181,nuuk,64.1835,-51.7216,3.34,75,75,1.03,GL,1728846182
182,ostersund,63.1792,14.6357,5.9,89,75,2.06,SE,1728846030
183,st. john's,47.5649,-52.7093,10.71,84,75,12.35,CA,1728846178
184,condoto,5.0935,-76.6497,28.77,83,99,2.25,CO,1728846186
185,moose jaw,50.4001,-105.5344,9.14,43,100,2.57,CA,1728846187
186,kerikeri,-35.2268,173.9474,8.84,94,100,1.52,NZ,1728846188
187,pisco,-13.7,-76.2167,22.03,64,0,3.09,PE,1728846189
188,pitimbu,-7.4706,-34.8086,26.73,69,8,4.89,BR,1728846190
189,ugoofaaru,5.6667,73.0,27.48,82,100,6.73,MV,1728846191
190,port alfred,-33.5906,26.891,19.54,94,93,0.89,ZA,1728846192
191,itoman,26.1247,127.6694,27.01,65,0,4.63,JP,1728846193
192,port douglas,-16.4833,145.4667,22.58,82,0,2.67,AU,1728846195
193,san patricio,28.017,-97.5169,32.97,27,0,3.13,US,1728846196
194,chonchi,-42.6128,-73.8092,12.71,74,91,0.34,CL,1728846198
195,chibougamau,49.9168,-74.3659,5.79,70,100,3.6,CA,1728846145
196,keetmanshoop,-26.5833,18.1333,29.51,18,11,8.75,NA,1728846200
197,knyaze-volkonskoye,48.4642,135.4567,3.19,49,85,3.46,RU,1728846201
198,huatabampo,26.8333,-109.6333,35.09,40,0,5.56,MX,1728846202
199,ulsteinvik,62.3432,5.8487,7.09,89,100,1.34,NO,1728846203
200,ondjiva,-17.0667,15.7333,30.02,10,29,1.03,AO,1728846204
201,sakakah,29.9697,40.2064,27.76,26,0,3.48,SA,1728846205
202,ishigaki,24.3448,124.1572,27.07,83,40,4.12,JP,1728846206
203,puerto baquerizo moreno,-0.9,-89.6,24.55,88,75,6.17,EC,1728846207
204,nemuro,43.3236,145.575,10.16,65,0,2.97,JP,1728846208
205,castlebar,53.85,-9.3,8.08,91,100,3.91,IE,1728846209
206,broken hill,-31.95,141.4333,18.27,23,57,1.85,AU,1728846210
207,balvi,57.1313,27.2658,6.88,86,100,2.66,LV,1728846212
208,bad fussing,48.351,13.312,9.73,100,91,3.23,DE,1728846214
209,guatire,10.4762,-66.5427,27.92,84,100,1.34,VE,1728846215
210,mersing,2.4312,103.8405,25.95,89,20,1.54,MY,1728846216
211,nadi,-17.8,177.4167,24.0,88,75,1.03,FJ,1728846217
212,mandalgovi,45.7625,106.2708,-2.55,66,5,12.55,MN,1728846218
213,chinde,26.8212,87.7095,20.35,82,2,2.02,NP,1728846220
214,torit,4.4133,32.5678,24.11,68,23,1.72,SS,1728846221
215,markovo,57.3206,107.0881,-6.11,65,100,2.06,RU,1728846222
216,qobustan,40.0824,49.412,17.38,71,100,6.55,AZ,1728846223
217,eenhana,-17.4667,16.3333,27.13,19,75,4.57,NA,1728846224
218,kolonia,50.9333,6.95,9.42,83,0,0.51,DE,1728846157
219,mount gambier,-37.8333,140.7667,10.43,93,63,3.05,AU,1728846228
220,yanbu,24.0891,38.0637,30.02,70,0,4.12,SA,1728846133
221,revda,56.801,59.9303,-5.27,88,72,1.33,RU,1728846230
222,namtsy,62.7161,129.6658,-6.77,92,100,1.6,RU,1728846231
223,tafuna,-14.3358,-170.72,28.97,74,40,4.12,AS,1728846232
224,shakiso,5.75,38.9167,16.26,89,98,0.41,ET,1728846233
225,kirensk,57.7853,108.1119,-6.96,79,100,2.41,RU,1728846234
226,kapuskasing,49.4169,-82.4331,7.05,53,20,4.12,CA,1728846235
227,palmer,42.1584,-72.3287,8.75,68,100,2.06,US,1728846236
228,campo gallo,-26.5833,-62.85,33.85,35,9,4.76,AR,1728846237
229,tamiahua,21.2667,-97.45,28.11,63,35,3.34,MX,1728846238
230,karratha,-20.7377,116.8463,26.77,18,6,5.65,AU,1728846239
231,lerwick,60.1545,-1.1494,5.04,56,13,2.51,GB,1728846240
232,timimoun,29.2639,0.231,36.21,12,0,2.57,DZ,1728846241
233,toliara,-23.35,43.6667,22.59,68,0,1.8,MG,1728846243
234,kavaratti,10.5669,72.642,26.53,85,95,2.7,IN,1728846244
235,manggar,-2.8833,108.2667,26.66,80,100,0.28,ID,1728846245
236,lata,40.1629,-8.3327,16.88,85,0,1.33,PT,1728846246
237,alakurtti,66.9672,30.3491,2.36,97,100,1.33,RU,1728846247
238,bandon,51.7469,-8.7425,10.77,96,100,4.7,IE,1728846248
239,la gi,10.6667,107.7833,25.62,87,100,1.77,VN,1728846249
240,limassol,34.675,33.0333,25.66,83,0,4.12,CY,1728846250
241,barcelos,41.5388,-8.6151,19.24,81,100,0.85,PT,1728846251
242,peniche,39.3558,-9.3811,21.78,85,16,1.7,PT,1728846252
243,achi,8.5682,-74.554,34.58,51,100,1.03,CO,1728846253
244,christchurch,-43.5333,172.6333,6.9,84,57,1.79,NZ,1728846064
245,fort bragg,35.139,-79.006,27.73,38,0,5.14,US,1728846111
246,nagqu,31.5,92.0,0.59,36,99,0.48,CN,1728846256
247,metlili chaamba,32.2667,3.6333,27.52,36,0,5.14,DZ,1728846258
248,tura,25.5198,90.2201,20.79,94,0,1.69,IN,1728846259
249,hermanus,-34.4187,19.2345,15.45,83,10,4.69,ZA,1728846260
250,bull savanna,17.8868,-77.5902,29.6,65,64,8.43,JM,1728846261
251,la'ie,21.6477,-157.9253,27.28,74,14,3.13,US,1728846262
252,feijo,-8.1642,-70.3536,34.71,41,39,3.89,BR,1728846212
253,qingdao,36.0986,120.3719,16.78,100,75,3.0,CN,1728846264
254,raychikhinsk,49.7838,129.4121,7.84,63,100,6.62,RU,1728846265
255,ouargaye,11.5033,0.0572,28.79,63,18,3.11,BF,1728846266
256,bel ombre,-4.6167,55.4167,27.91,74,40,7.2,SC,1728846267
257,howrah,22.5892,88.3103,28.0,78,20,2.06,IN,1728846268
258,ilave,-16.0833,-69.6667,15.37,30,48,6.23,PE,1728846269
259,hirado,33.3597,129.5531,22.0,64,38,1.7,JP,1728846270
260,nar'yan-mar,67.6713,53.087,0.84,94,25,5.4,RU,1728846271
261,walvis bay,-22.9575,14.5053,18.53,68,100,1.54,NA,1728846273
262,mar del plata,-38.0023,-57.5575,17.75,72,5,5.36,AR,1728846219
263,shenjiamen,29.9576,122.298,23.06,90,5,3.05,CN,1728846275
264,saint-pierre,-21.3393,55.4781,21.82,73,20,9.26,RE,1728846276
265,san fernando de apure,7.8878,-67.4724,30.13,74,100,0.46,VE,1728846277
266,castro,-24.7911,-50.0119,25.31,43,22,3.25,BR,1728846144
267,arawa,-6.2132,155.5367,25.34,92,65,1.6,PG,1728846279
268,mikun',62.3547,50.0771,1.42,76,100,2.28,RU,1728846280
269,al burayqah,30.4062,19.5739,24.41,67,0,7.78,LY,1728846281
270,robertsport,6.7533,-11.3686,26.11,85,100,5.19,LR,1728846282
271,pyapon,16.2833,95.6833,24.31,96,100,2.08,MM,1728846284
272,nushki,29.5542,66.0215,22.26,10,0,2.34,PK,1728846285
273,castillos,-34.1667,-53.8333,18.3,66,100,3.29,UY,1728846287
274,abatskoye,56.2875,70.4555,-3.22,85,96,2.16,RU,1728846288
275,nantucket,41.2835,-70.0995,15.64,84,12,9.47,US,1728846099
276,white hall,34.274,-92.091,31.03,50,0,0.45,US,1728846290
277,kununurra,-15.7667,128.7333,25.99,83,40,3.6,AU,1728846291
278,masuguru,-11.3667,38.4167,27.79,52,22,5.09,TZ,1728846292
279,arraial do cabo,-22.9661,-42.0278,24.98,78,20,6.17,BR,1728846293
280,bechar,31.6167,-2.2167,28.18,26,77,7.72,DZ,1728846294
281,williams lake,52.1415,-122.1445,13.76,66,75,4.12,CA,1728846296
282,fernie,49.5,-115.0687,17.13,30,6,2.44,CA,1728846012
283,constantia,44.1833,28.65,11.38,64,97,2.48,RO,1728846245
284,barnoldswick,53.9171,-2.1871,6.81,84,100,1.23,GB,1728846300
285,hailar,49.2,119.7,12.21,68,100,8.59,CN,1728846200
286,banaz,38.7371,29.7519,15.79,60,100,2.94,TR,1728846302
287,llandrindod wells,52.2416,-3.3787,4.97,90,100,0.67,GB,1728846303
288,al jawf,29.5,38.75,25.07,31,0,3.1,SA,1728846304
289,palikir - national government center,6.9248,158.1611,28.97,73,98,6.83,FM,1728846305
290,micheweni,-4.9667,39.8333,25.03,84,6,4.82,TZ,1728846306
291,vila velha,-20.3297,-40.2925,25.97,75,100,8.75,BR,1728846122
292,port blair,11.6667,92.75,27.02,89,40,1.03,IN,1728846309
293,la passe,45.5549,-0.8967,18.88,81,57,3.57,FR,1728846310
294,thunder bay,48.4001,-89.3168,7.95,81,100,3.09,CA,1728846189
295,callao,-12.0667,-77.15,19.16,72,75,5.66,PE,1728846312
296,saudarkrokur,65.7461,-19.6394,-2.26,61,0,1.24,IS,1728846116
297,kasulu,-4.5767,30.1025,22.09,56,24,1.4,TZ,1728846314
298,barbacoas,1.6715,-78.1398,28.42,82,100,1.97,CO,1728846315
299,araban,37.4267,37.689,23.39,59,3,4.11,TR,1728846317
300,andrushivka,50.0229,29.0202,9.06,57,100,3.37,UA,1728846318
301,timbuktu,16.7735,-3.0074,38.14,13,12,3.61,ML,1728846320
302,kristinestad,62.2743,21.376,6.33,90,100,3.29,FI,1728846321
303,gadani,25.1185,66.7299,28.75,63,99,0.9,PK,1728846322
304,pyay,18.8167,95.2167,24.34,92,26,0.83,MM,1728846323
305,gorontalo,0.5412,123.0595,23.82,97,31,0.87,ID,1728846324
306,polyarnyy,69.1989,33.4478,3.99,65,100,8.74,RU,1728846325
307,al kharijah,25.4514,30.5464,28.62,26,0,2.82,EG,1728846327
308,melekeok village,7.4957,134.6367,28.27,71,100,2.87,PW,1728846328
309,ilula,-7.6766,36.0366,17.96,62,46,2.42,TZ,1728846329
310,ancud,-41.8697,-73.8203,12.1,75,22,3.16,CL,1728846330
311,vega de alatorre,20.0333,-96.6333,27.75,64,0,4.48,MX,1728846332
312,kolokani,13.5728,-8.0339,27.65,67,83,3.54,ML,1728846333
313,alexandria,31.2156,29.9553,25.7,73,0,2.74,EG,1728846209
314,molchanovo,57.5817,83.7692,-4.1,63,50,2.54,RU,1728846335
315,parfino,57.9731,31.6481,7.2,89,100,3.94,RU,1728846336
316,aykhal,66.0,111.5,-16.41,100,100,3.27,RU,1728846338
317,quellon,-43.1167,-73.6167,11.38,79,97,1.02,CL,1728846339
318,colonia,50.9333,6.95,9.42,83,0,0.51,DE,1728846157
319,luanda,-8.8368,13.2343,25.0,78,20,5.66,AO,1728846341
320,vernon,50.2581,-119.2691,13.74,54,100,0.51,CA,1728846342
321,santa terezinha,-29.9002,-50.0904,19.5,79,0,10.11,BR,1728846343
322,tralee,52.2704,-9.7026,10.23,96,100,2.6,IE,1728846344
323,vila franca do campo,37.7167,-25.4333,23.23,92,100,3.66,PT,1728846345
324,tamanrasset,22.785,5.5228,27.95,14,0,2.57,DZ,1728846134
325,bardai,11.65,7.2333,26.72,59,100,3.44,NG,1728846347
326,kimbe,-5.5502,150.1429,24.39,91,76,1.74,PG,1728846348
327,greymouth,-42.4667,171.2,5.51,83,99,3.34,NZ,1728846349
328,coron,11.9986,120.2043,25.69,88,100,1.23,PH,1728846350
329,dolores,-36.3132,-57.6792,23.73,45,100,4.87,AR,1728846351
330,lasem,-6.6922,111.4527,27.38,78,99,2.26,ID,1728846352
331,sao vicente,-23.9631,-46.3919,21.1,26,100,3.6,BR,1728846327
332,hays,30.0502,-98.0336,36.85,25,0,5.95,US,1728846355
333,campbell river,50.0163,-125.2446,15.21,77,75,4.63,CA,1728846356
334,tangalle,6.024,80.7911,24.52,88,100,3.04,LK,1728846357
335,ust'-kulom,61.6864,53.6902,-1.13,84,100,1.82,RU,1728846358
336,malayer,34.2969,48.8235,15.37,30,1,1.58,IR,1728846359
337,odesskoye,54.2111,72.9651,-6.81,86,4,1.91,RU,1728846360
338,essaouira,31.5125,-9.77,19.84,86,95,6.6,MA,1728846361
339,roja,57.5,22.8167,10.42,64,100,7.33,LV,1728846363
340,bathsheba,13.2167,-59.5167,31.34,66,20,8.23,BB,1728846073
341,ukrainka,50.1432,30.7461,8.88,93,96,2.98,UA,1728846365
342,olinda,-8.0089,-34.8553,27.85,69,40,4.63,BR,1728846367
343,nabire,-3.3667,135.4833,24.39,94,100,1.63,ID,1728846368
344,vilyuysk,63.7553,121.6247,-11.13,98,100,1.0,RU,1728846362
345,harper,4.375,-7.7169,24.31,89,100,2.34,LR,1728846370
346,"laikit, laikit ii (dimembe)",1.4792,124.9735,21.47,94,20,0.51,ID,1728846371
347,leava,-14.3,-178.1667,26.73,83,100,6.93,WF,1728846372
348,zhoushan,30.0108,122.2047,23.21,90,5,3.3,CN,1728846373
349,muisne,0.6,-80.0333,25.9,78,100,5.0,EC,1728846374
350,souillac,-20.5167,57.5167,23.21,68,75,8.23,MU,1728846377
351,mhamid,29.82,-5.72,23.12,49,100,7.16,MA,1728846378
352,sept-iles,50.2001,-66.3821,12.29,59,75,2.57,CA,1728846082
353,vitoria da conquista,-14.8661,-40.8394,30.58,33,87,4.62,BR,1728846257
354,wynyard,-41.0,145.7167,10.66,84,32,0.45,AU,1728846381
355,east london,-33.0153,27.9116,19.52,94,75,2.57,ZA,1728846383
356,ocean city,39.2776,-74.5746,27.32,69,3,4.47,US,1728846341
357,yangambi,0.8102,24.4336,22.94,87,77,1.26,CD,1728846385
358,igarka,67.4667,86.5833,0.52,98,100,7.31,RU,1728846386
359,as sulayyil,20.4607,45.5779,30.22,18,23,4.32,SA,1728846387
360,ust-nera,64.5667,143.2,-7.54,95,87,1.99,RU,1728846388
361,vyshniy volochek,57.5913,34.5645,5.58,90,100,5.53,RU,1728846390
362,shaowu,27.3409,117.4831,20.32,88,81,0.38,CN,1728846391
363,aberdeen,57.1437,-2.0981,3.63,94,100,0.51,GB,1728846392
364,dhuusamarreeb,5.535,46.3861,27.33,62,77,7.26,SO,1728846393
365,vila do maio,15.1333,-23.2167,27.58,75,0,2.95,CV,1728846394
366,tuy hoa,13.0833,109.3,24.02,94,76,1.53,VN,1728846395
367,waterloo,43.4668,-80.5164,11.98,71,100,4.63,CA,1728846224
368,tecolots,32.5667,-114.9833,32.99,8,0,1.76,MX,1728846397
369,ulanhot,46.0833,122.0833,13.74,67,58,5.78,CN,1728846398
370,usogorsk,63.4106,48.6872,2.43,80,100,2.43,RU,1728846400
371,shalkar,47.8288,59.6258,1.27,47,26,8.02,KZ,1728846401
372,aswan,24.0934,32.907,31.46,18,0,4.76,EG,1728846402
373,tandur,17.2333,77.5833,23.07,90,83,2.63,IN,1728846403
374,wum,6.3833,10.0667,19.03,94,100,0.89,CM,1728846404
375,dwarka,22.2394,68.9678,27.27,83,100,5.22,IN,1728846406
376,praia da vitoria,38.7333,-27.0667,19.78,98,100,8.31,PT,1728846407
377,nereta,56.2066,25.313,8.59,63,100,3.93,LV,1728846408
378,bhisho,-32.8472,27.4422,16.17,95,64,1.5,ZA,1728846409
379,dudinka,69.4058,86.1778,1.06,99,100,8.26,RU,1728846260
380,tucuma,-0.1833,-50.05,31.46,57,99,5.99,BR,1728846411
381,susuman,62.7833,148.1667,-10.66,99,99,0.84,RU,1728846413
382,vorkuta,67.5,64.0,-1.67,96,54,6.23,RU,1728846414
383,uyar,55.81,94.3153,-4.78,62,96,2.01,RU,1728846415
384,khandyga,62.6667,135.6,-7.74,94,100,1.0,RU,1728846416
385,springbok,-29.6643,17.8865,15.88,57,11,3.31,ZA,1728846133
386,dalhart,36.0595,-102.5133,23.01,28,0,5.14,US,1728846197
387,envira,-7.3,-70.2167,34.76,37,100,0.73,BR,1728846192
388,lajinha,-20.1514,-41.6228,26.19,56,80,3.0,BR,1728846420
389,yambio,4.5721,28.3955,21.2,95,94,1.42,SS,1728846421
390,along,28.1667,94.7667,14.83,93,13,0.44,IN,1728846423
391,cativa,9.3606,-79.8436,27.84,82,100,3.13,PA,1728846424
392,tucurui,-3.7661,-49.6725,35.21,34,99,3.34,BR,1728846425
393,altay,47.8667,88.1167,3.13,76,66,1.89,CN,1728846426
394,amurzet,47.6967,131.0981,7.62,61,100,2.11,RU,1728846428
395,terrace,54.5163,-128.6035,10.95,100,100,2.06,CA,1728846166
396,kegeyli shahar,42.7767,59.6078,6.09,59,6,2.68,UZ,1728846431
397,shimoda,34.6667,138.95,18.59,75,82,6.36,JP,1728846434
398,sovetskaya gavan',48.9723,140.2878,3.84,53,15,1.81,RU,1728846435
399,kingston,17.997,-76.7936,33.53,62,20,9.26,JM,1728846241
400,fukuecho,32.6881,128.8419,22.7,63,10,2.35,JP,1728846437
401,bima,-8.4667,118.7167,23.78,94,27,1.87,ID,1728846438
402,gusinoozyorsk,51.2833,106.5,-3.01,67,29,8.1,RU,1728846439
403,figuig (centre),32.1089,-1.2286,26.07,28,76,5.24,MA,1728846429
404,qamdo,31.1667,97.2333,1.5,68,2,0.38,CN,1728846157
405,rizokarpaso,35.6,34.375,24.51,73,1,2.24,CY,1728846442
406,ulladulla,-35.35,150.4667,12.33,73,64,2.65,AU,1728846443
407,la carlota,10.4233,122.9208,26.02,84,100,2.07,PH,1728846446
408,dodge city,37.7528,-100.0171,22.91,30,0,5.66,US,1728846447
409,belmonte,-15.8631,-38.8828,27.34,69,53,3.92,BR,1728846448
410,kamyshevatskaya,46.4132,37.9563,16.95,87,99,5.31,RU,1728846449
411,kayes,14.0,-11.0,27.22,76,100,4.16,ML,1728846451
412,ternate,0.8,127.4,27.22,77,4,0.73,ID,1728846452
413,sabratah,32.7933,12.4885,25.47,62,4,6.18,LY,1728846453
414,lisala,2.15,21.5167,21.81,98,95,1.92,CD,1728846455
415,kosh-agach,50.0,88.6667,0.06,65,100,0.48,RU,1728846456
416,malabrigo,-29.3464,-59.9696,31.12,32,6,2.87,AR,1728846457
417,napili-honokowai,20.9708,-156.6705,27.64,75,21,5.53,US,1728846458
418,nabisar,25.0685,69.6419,27.17,55,76,3.34,PK,1728846459
419,amarillo,35.222,-101.8313,24.88,41,0,5.14,US,1728846460
420,bandundu,-3.3167,17.3667,25.1,77,100,1.72,CD,1728846461
421,ingeniero jacobacci,-41.3427,-69.5448,17.21,22,0,6.6,AR,1728846462
422,antofagasta,-23.65,-70.4,17.6,75,18,3.75,CL,1728846320
423,kayangel,8.0823,134.7173,28.95,71,63,3.14,PW,1728846464
424,crane,31.3974,-102.3501,33.62,11,4,4.07,US,1728846465
425,kamaishi,39.2667,141.8833,12.17,87,27,2.05,JP,1728846467
426,general acha,-37.377,-64.6043,25.23,35,95,8.62,AR,1728846468
427,arteche,12.2645,125.4048,25.98,87,14,1.3,PH,1728846469
428,ciudad bolivar,8.1222,-63.5497,32.53,50,100,2.88,VE,1728846470
429,kyzyl,51.7,94.45,-0.99,66,4,2.79,RU,1728846344
430,kristiansund,63.1115,7.732,5.63,81,75,4.63,NO,1728846472
431,claiborne,32.516,-92.1918,32.63,43,0,5.66,US,1728846473
432,tukrah,32.5341,20.5791,23.22,64,6,6.55,LY,1728846476
433,touros,-5.1989,-35.4608,27.37,67,3,6.41,BR,1728846477
434,argo,37.6333,22.7333,20.95,82,13,1.31,GR,1728846478
435,pori,61.4833,21.7833,6.04,87,0,1.54,FI,1728846479
436,villamontes,-21.25,-63.5,29.02,48,100,0.8,BO,1728846480
437,maine soroa,13.2114,12.0241,34.31,22,84,2.21,NE,1728846481
438,labuan,5.2767,115.2417,28.02,77,10,0.51,MY,1728846482
439,bandarbeyla,9.4942,50.8122,26.98,80,5,4.69,SO,1728846483
440,mbarara,-0.608,30.65,18.86,71,71,0.63,UG,1728846484
441,mendaha,-1.0333,103.5833,23.83,98,100,1.64,ID,1728846486
442,mont belvieu,29.8477,-94.8908,32.78,57,0,3.75,US,1728846487
443,saquarema,-22.92,-42.5103,22.79,78,98,4.68,BR,1728846203
444,kokpekty,48.75,82.4,0.85,64,100,2.81,KZ,1728846489
445,naraina,26.7833,75.2,25.56,63,100,2.62,IN,1728846490
446,mzimba,-11.9,33.6,19.23,56,1,2.55,MW,1728846491
447,luderitz,-26.6481,15.1594,18.66,62,9,13.74,NA,1728846492
448,ulverstone,-41.15,146.1667,10.96,97,40,3.15,AU,1728846493
449,zandvoort,52.3749,4.5341,10.53,76,20,3.09,NL,1728846494
450,alotau,-10.3069,150.4462,23.53,98,66,1.37,PG,1728846495
451,opuwo,-18.0607,13.84,27.04,13,3,3.95,NA,1728846496
452,yigo village,13.5361,144.8886,25.97,89,20,2.06,GU,1728846497
453,holualoa,19.6228,-155.9522,25.91,74,0,3.09,US,1728846498
454,aracuai,-16.8497,-42.0703,33.82,36,66,5.41,BR,1728846500
455,kilindoni,-7.9139,39.6668,25.72,79,35,5.37,TZ,1728846501
456,okhotsk,59.3833,143.3,0.86,77,42,2.57,RU,1728846502
457,bonthe,7.5264,-12.505,26.37,82,99,3.71,SL,1728846503
458,guerrero negro,27.9769,-114.0611,26.41,51,0,6.33,MX,1728846381
459,makassar,-5.14,119.4221,26.03,78,20,0.51,ID,1728846505
460,marrakesh,31.6315,-8.0083,24.08,94,75,4.12,MA,1728846348
461,san matias,-16.3667,-58.4,37.8,30,58,4.76,BO,1728846507
462,kill devil hills,36.0307,-75.676,24.99,46,0,7.72,US,1728846376
463,buka,40.8108,69.1986,15.46,62,100,3.97,UZ,1728846509
464,midvagur,62.0511,-7.1939,3.46,70,75,4.63,FO,1728846510
465,cidreira,-30.1811,-50.2056,19.68,76,0,9.62,BR,1728846511
466,fauske,67.2588,15.3918,7.75,86,100,2.64,NO,1728846513
467,san francisco de la paz,14.9,-86.2,22.88,93,100,1.81,HN,1728846514
468,ta`u,-14.2336,-169.5144,26.58,76,96,7.54,AS,1728846515
469,lugovoye,42.9094,72.7178,12.36,87,100,2.84,KZ,1728846516
470,san juan,-31.5375,-68.5364,26.65,35,13,5.33,AR,1728846512
471,al bahah,20.0129,41.4677,19.36,57,90,0.99,SA,1728846518
472,ponta delgada,37.7333,-25.6667,23.4,94,75,4.63,PT,1728846520
473,whakatane,-37.9585,176.9854,12.51,98,100,2.68,NZ,1728846521
474,sofifi,0.7349,127.576,27.05,81,32,0.7,ID,1728846522
475,danshui,22.7984,114.4672,24.05,86,2,1.63,CN,1728846523
476,bikenibeu village,1.3673,173.1241,28.58,71,9,7.12,KI,1728846524
477,belize city,17.4995,-88.1976,29.45,75,75,3.09,BZ,1728846408
478,mucurici,-18.0933,-40.5158,26.63,66,100,6.57,BR,1728846527
479,malango,-2.9627,119.9001,20.11,99,100,0.43,ID,1728846528
480,harstad,68.799,16.5293,6.2,91,100,10.73,NO,1728846529
481,porto novo,6.4965,2.6036,25.9,90,100,2.33,BJ,1728846333
482,tanjung pinang,0.9167,104.45,27.71,77,98,1.56,ID,1728846531
483,tokonou,9.65,-9.7833,22.3,90,31,0.47,GN,1728846532
484,englewood,39.6478,-104.9878,20.67,36,40,3.09,US,1728846253
485,uliastay,47.7417,96.8444,0.28,69,2,1.22,MN,1728846534
486,al jadid,27.05,14.4,32.04,22,8,4.72,LY,1728846535
487,sitia,35.2,26.0986,22.48,78,74,4.94,GR,1728846536
488,queenstown,-31.8976,26.8753,21.49,55,0,2.2,ZA,1728846538
489,lorca,37.6712,-1.7017,21.04,73,25,3.24,ES,1728846539
490,macapa,0.0389,-51.0664,32.99,58,40,6.69,BR,1728846367
491,santiago de cao,-7.9589,-79.2392,19.07,82,75,5.66,PE,1728846541
492,prince albert,53.2001,-105.7677,8.77,43,34,2.96,CA,1728846542
493,tamandare,-8.7597,-35.1047,26.88,67,1,4.73,BR,1728846543
494,oranjemund,-28.55,16.4333,15.26,91,37,9.01,NA,1728846544
495,pariaman,-0.619,100.12,23.03,93,100,5.53,ID,1728846545
496,port moresby,-9.4431,147.1797,24.18,92,100,2.02,PG,1728846546
497,codrington,-38.2667,141.9667,11.33,93,9,4.87,AU,1728846547
498,utrik,11.2278,169.8474,28.08,77,100,6.01,MH,1728846549
499,zuunmod,47.7069,106.9528,-6.43,77,100,6.16,MN,1728846290
500,vinaros,40.4703,0.4756,20.14,79,100,1.04,ES,1728846551
501,bologoye,57.8799,34.1068,5.56,90,100,5.26,RU,1728846552
502,mwene-ditu,-7.0,23.45,20.67,81,90,1.42,CD,1728846553
503,ruzayevka,54.0639,44.9509,1.52,46,0,5.08,RU,1728846504
504,itaituba,-4.2761,-55.9836,35.96,38,100,3.7,BR,1728846555
505,magadan,59.5667,150.8,1.18,92,96,1.85,RU,1728846556
506,luang namtha,20.9497,101.4011,21.13,96,18,0.42,LA,1728846557
507,cockburn town,21.4612,-71.1419,29.12,75,90,5.04,TC,1728846558
508,viedma,-40.8135,-62.9967,25.76,13,0,5.17,AR,1728846559
509,cabedelo,-6.9811,-34.8339,29.37,68,6,5.42,BR,1728846560
510,yasothon,15.75,104.1333,24.0,84,100,3.13,TH,1728846561
511,andergrove,-21.0833,149.1833,22.44,75,100,8.49,AU,1728846563
512,le port,-20.9373,55.2919,22.45,80,2,3.06,RE,1728846564
513,kalevala,65.2,31.1667,2.84,96,100,2.01,RU,1728846565
514,elliot lake,46.3834,-82.6331,11.51,30,40,3.05,CA,1728846566
515,cooper's town,26.8667,-77.5167,25.81,84,90,6.78,BS,1728846567
516,gudur,14.1333,79.85,26.61,85,100,1.36,IN,1728846568
517,chinchilla,-26.75,150.6333,15.57,87,100,0.45,AU,1728846570
518,kostroma,57.7708,40.9344,4.17,57,100,6.49,RU,1728846571
519,minna,9.6139,6.5569,24.92,84,82,1.7,NG,1728846572
520,anguera,-12.151,-39.2453,33.88,33,90,6.9,BR,1728846573
521,pelabuhanratu,-6.9875,106.5514,25.79,90,99,1.6,ID,1728846574
522,yokadouma,3.5167,15.05,20.17,99,82,1.18,CM,1728846576
523,talakan,50.3167,130.3667,7.45,67,100,3.5,RU,1728846577
524,gunjur,13.2019,-16.7339,27.04,89,75,2.06,GM,1728846578
525,nikolayevsk-on-amure,53.1406,140.73,2.37,78,100,1.73,RU,1728846579
526,candelaria,13.9311,121.4233,24.1,96,80,1.56,PH,1728846580
527,ain sefra,32.75,-0.5833,24.68,34,99,6.87,DZ,1728846581
528,conde,-7.2597,-34.9075,28.7,58,0,5.14,BR,1728846582
529,batang,-6.4846,110.7083,27.3,77,100,1.85,ID,1728846583
530,amga,60.8953,131.9608,-8.72,96,100,1.08,RU,1728846584
531,wotje,9.4543,170.2367,28.28,77,17,6.81,MH,1728846585
532,qalat,32.1058,66.9083,16.83,16,0,1.61,AF,1728846586
533,woolgoolga,-30.1106,153.2007,13.93,72,100,2.81,AU,1728846587
534,matelandia,-25.2408,-53.9964,30.63,37,99,2.56,BR,1728846588
535,minas de matahambre,22.5887,-83.9447,29.28,70,100,1.73,CU,1728846589
536,san luis de la loma,17.2706,-100.8939,28.67,74,55,2.78,MX,1728846591
537,guanare,9.0418,-69.7421,27.9,79,80,0.17,VE,1728846592
538,middelburg,-25.7751,29.4648,23.47,33,15,5.65,ZA,1728846593
539,sarangani,5.4033,125.4636,29.4,73,38,5.15,PH,1728846594
540,nova sintra,14.8667,-24.7167,27.74,71,36,0.97,CV,1728846595
541,luena,-11.7833,19.9167,19.91,48,73,2.21,AO,1728846596
542,jaspur,29.2833,78.8167,22.17,64,81,1.49,IN,1728846597
543,hilo,19.7297,-155.09,27.27,80,75,3.09,US,1728846598
544,kavieng,-2.5744,150.7967,27.77,80,87,4.99,PG,1728846600
545,general conesa,-40.1,-64.4333,26.07,14,0,4.5,AR,1728846601
546,myeik,12.4333,98.6,26.37,87,100,2.04,MM,1728846493
547,kertih,4.5141,103.4483,25.05,94,100,1.72,MY,1728846603
548,ribeira brava,32.65,-17.0667,22.35,70,55,2.7,PT,1728846604
549,mount isa,-20.7333,139.5,18.87,82,0,3.09,AU,1728846605
550,la sarre,48.8002,-79.1996,6.44,47,46,3.68,CA,1728846606
551,sijunjung,-0.6876,100.9537,22.67,99,99,0.71,ID,1728846608
552,nombre de dios,23.85,-104.2333,23.84,22,0,1.1,MX,1728846609
553,san ignacio,17.1561,-89.0714,33.44,43,99,1.11,BZ,1728846610
554,paita,-5.0892,-81.1144,21.49,73,21,7.67,PE,1728846611
555,tocopilla,-22.092,-70.1979,20.57,63,19,4.02,CL,1728846613
556,ixtapa,20.7,-105.2,31.79,62,20,4.12,MX,1728846614
557,malmberget,67.1753,20.6549,3.31,93,75,3.6,SE,1728846615
558,codajas,-3.8367,-62.0569,37.07,33,79,3.45,BR,1728846616
559,east end,34.5507,-92.341,31.55,45,86,2.45,US,1728846619
560,varadero,23.1536,-81.2514,30.42,77,97,2.09,CU,1728846418
561,mukalla,14.5425,49.1242,27.92,65,66,1.69,YE,1728846621
562,altai,46.3722,96.2583,-0.06,68,0,0.44,MN,1728846622
563,pocahontas,36.2615,-90.9712,27.93,50,0,5.66,US,1728846623
564,taoyuan city,24.9937,121.297,26.67,83,20,3.09,TW,1728846624
565,zima,53.9202,102.0442,-6.45,72,100,0.75,RU,1728846625
566,horazdovice,49.3207,13.701,7.44,70,100,6.22,CZ,1728846626
567,whangarei,-35.7317,174.3239,9.18,94,74,1.16,NZ,1728846482
